scene,episode
FloorPlan1,971744
FloorPlan1,437374
FloorPlan1,778494
FloorPlan1,473143
FloorPlan1,1132901
FloorPlan1,539278
FloorPlan1,883237
FloorPlan1,92986
FloorPlan1,922988
FloorPlan1,134604
FloorPlan2,104050
FloorPlan2,1231817
FloorPlan2,321429
FloorPlan2,1189473
FloorPlan2,544354
FloorPlan2,179328
FloorPlan2,407954
FloorPlan2,577504
FloorPlan2,939479
FloorPlan2,733919
FloorPlan3,1105918
FloorPlan3,751719
FloorPlan3,1099411
FloorPlan3,72167
FloorPlan3,581101
FloorPlan3,158970
FloorPlan3,109689
FloorPlan3,535708
FloorPlan3,900855
FloorPlan3,540386
FloorPlan4,346689
FloorPlan4,744351
FloorPlan4,68065
FloorPlan4,138901
FloorPlan4,117030
FloorPlan4,57947
FloorPlan4,128984
FloorPlan4,109447
FloorPlan4,1057395
FloorPlan4,47899
FloorPlan5,327499
FloorPlan5,581355
FloorPlan5,761011
FloorPlan5,784799
FloorPlan5,150379
FloorPlan5,329539
FloorPlan5,1150551
FloorPlan5,761255
FloorPlan5,1060374
FloorPlan5,805467
